old_commit,new_commit
7b86df64fbe7109044c02ad80e8b30e1ca02cb21,8e026b4279713320226bfc1618e4c87623d626bd
e952d72bbc56f039180771a9066f22c57174848d,bccab32e3a14e57548ac92ee0409fa6f74e06cad
78d277968d4dc48c514082616358c260d15c3fa5,9759ee8db2616aa2839b889569ea86d4a415cf5f
f247e3f5e8f8851d2019de02c3a9b8620c86b43d,22507f6d5622a37c93452bce071f09c5247831b6
a92bd42c57aafd601b201957a7ccecd45d52d188,a683c88273ba18fb91625a5458d20352803efb34
a905a29d7f25284adfaa3aae70f50713e0d8df2f,451d49105e9ddfae874f13f94e44a351977540c7
51c397457c8ef29701136201bd05e6a469079f26,e295422185a2778b6e7ee08fddb09f16cc99ae94
c1df8a14aeb8944d9bb0b5b8b28e617c4346e83f,fcef686b1cb431f0d57e9b18cde00805a2336efc
46c621094b69f569c333554661991ec061cf3df5,6861c21f682ed4c7190f818a96840fb973e3da54
a31295eb7880bf32e5b85bee18608e31c79dbe5a,85ec19f9e7b0ffb144283f09ef3778a79d009bbb
77dad48f696803b07ebfc1430734c9beab47d5f4,97c5a2f13a8f752a423b7b9199e6e9e11df5c6f8
17f567270c8150f7c88b0cbbed973496213d57cd,8c9bd8c76f76a47793f49c8e521055b9a41f2fca
a1852409a5529875dedf1dd76fd51c5e28ab3c7e,571e06f007cb7034c74243f413e278cc596b11d5
de0675f6cf9e0e42f6b71aa3a407d3ecd3f2944c,934d89fd115a2cad14cda43819234e58687faa36
784d54478ffda1d3f2d8f92bf82acddb7caad6db,5e126330d23f80acf2dd359f8b393b2c86c9c79c
bdc6d619a93aaa67112b838b22e19ec85b00b73b,86b31cc97b70ae080b8d9683f3f13679ddc8a67c
f85353fc12603f0b3ca5266d2a620428eba6444e,64f23d742996230e908771fa38689c75c09ad660
2afc87ccabe24360104d8095d09f412450bf0f01,1896736e4470c53731b67e6acd40200da7bb0468
57842643b1e21f7d5fd231672cf005c33c80dce6,bb6adad1df0330d8e79016e3aa89b17866375fab
af0e37caaa1b2648de9f10724221666bec6d2145,7f76786f71b82d8f59aec3de06b10f36012e3c22
2e590d32046b2fdc0dc5f29bcd3a963d584eea3a,6c1ec45faa10c4f4ccc1570ae9c1174d807d2a58
b808269cc9279382bb81d41dd6aa60f5fb36686f,96b137876e3b647f3c26be29538924b4f7ee5e1f
f89cf39743a3b8ad65d8b02799498ef53c6cad4b,ebcf441006c6716dea2501a1913ff16c7b8c0543
3dc87696d1fa56949761c1d08fd40362adafb35b,42d01d52a9326ab3c614fd7d14e0eac324e76c21
f884b47b2cf341a9db91beebc1a46b0bc8a59ce6,dcd8d110cfcf89493550b69248108d8e2b6b819a
dac5a09f9e54f1fe208feaf2389f364f5ebd26e0,a90f487f89dbd3a8afeb0efcda3eebf8a7b036ad
784c6c6f4280d332718c298a9fab1b52a4cd31f8,16f95c509cbe709bc065f7f90e340cdb26d3a450
4a0f69c02d962209429906cb5abf322290bbff20,4ef275361235bfc5b23424731c8857c14de4905e
e98efa8663521bbbe5c001c731de4a18f324060f,6cae33fbc786130564ca37e2732c4a8422fc1c10
650cf196fc37e217349837040f95298f2645fdef,bf20147c26f1d798f685ea5714246050fd5be631
1a1239939b1ff346896cd60038b257d46629352b,87d7a5106fc272eeb8d2af0e5b37d6c26426ee1a
352bdcbea1ad4f3ace501ded6ebf6c32d57fc399,2eb7f49ab72a35439d694e0992a1c989295b51b0
16a0a0f2d766f28729c6e7e36185deb277ba90d6,b045d521060a0b36713be7ed765fe6ab0e4b97fb
85462d4924c79328723ca6c30a2d32a3e12d568e,4706ac8219bb1fcf87b1a7e2de2947e13fb0d4c6
157e08058ccba43b139ccfffe3d59636ff3df7ad,b07ae886b8341fa0cee62fcf4554d1942b9728d9
1aa8d7ce0bd63ef63682d12414aef919fe557395,ec8dde5993611a3941a9a44c1974d85435119d5d
c30962da297f62414d682974af03716c5fd69ec1,59a9ed9d10870cb50d3e7e4d54e39feb65316be8
a08baa6885c777074370b9bbe7d03a648dc31af6,df06d3ded7b8a67c486d2bccf52b4f4815ecb0b7
00986043ec18c5070dcf647ff0ac33398ee6d7bb,f88dc5a01ac516fef0fee8187d9be6dc0bcb7bc7
b843e37d4c2613c02fa13c81ff71fa02f5918ee3,2465ee20e0f0dd2e203113efff78e24bdcd88c3b
7050d9dc13540b8ce41e93cc5c9e0a082db4e99b,9b5a97496a0dbaabf5f53cb0ca23adc982399cda
12b001a3b200c7a9a0b9135ed728e55bbe8e9c25,80e383cbb7643d6089a8a40e04159d99e96317f2
0ed91224c9514661356ebcbb9a0aad596495abc0,71387e3fa4e7d1a9de814e1b8556154a20f283e5
fffcca9d9fe61651f7f3c7f6b059f00102ded2ac,d40d55bf081d03ecf13bb68df7ac1148fb50931c
1a613a041fb0b0c96e538737f363ac78b0ef0213,757ec14d83b772e9359c735da5746fbaba7cc7bb
515c0e0b5dda16d7f440ce1bb9549277590ed611,78f463115ba29b2dae5504240d5c5aa9a73e55f0
f4707efdc8e160619a1b81e5e7280ce9ddf84b1c,113247122579e624ec8da8bee7121c5ed47d942c
06a435dc8161d3459c0e5da67683c2428b881f60,7e63b72fb5266a72a6897d09b926c168c9518cf7
fcc9ce83a2e066b352d215cf1abd265688c021d8,37a5cc47237fe91778e501e73a0dc03dd328b293
69cfa9a9456b263253097d1c7910e0e30f288180,4f408db3ba949fb4f62a2f6719993bf56d6226ca
e21287d9a0364f4e190f984ae0ef72665e109df5,3398dc566d3510d291202dabe407a64969b8fc24
ef7b8570dfaf3b894adc5a5c028ea4ee6e165884,3301d7f873ebf255302dc7ae91e63699b3ed9491
286372f8103ed0e26f084a111561b78e553d489a,580c1d644b5a3bd4a35d16588c0a6beef80a7810
d5cbc9634444d7ac418b6564de907b4911873c17,caae95a9bab9f45cbf8d79994997674f8a730f2d
1586c43318a0b1372043504c7a25ece308bfc7a2,136d84ce5eb00072e2245692e3bca37e7de14924
02ace0d4c31bffec78ea114e9a0212d34c6df928,fecfcb78f3ab7e4d864426f274d3e098416ea168
be10afbdd19196f5e815438b9fd647ad937b2d2e,fc618f6944275b8cadf7726a5b4ec07ea7e74ebf
567af99daa0c5b2ec722202cc036db12461a1efd,bf11db59a9c82c01cd02c1ee3570994cf9897038
9ca47037a463115a479eb35864dd73af92431f85,6584688bb0b3f261bd3f014536197bba207c7e67
455e4077a38bd4abc75487243aa5508109b98a44,8b19763dc6ea3e1e8d7b72b7ef65934dc95021ae
3c1c5f759e62b0ba85ef3da6e634290dc50668e5,111856c57f5f1923b8eb1bd3615105c90590c086
38a49ab0a7a3e157fa08a97870808ca6eaafb136,067635570d4fd1ab31fc96280bf959bac3bfdaa6
e3c94c5c22562952cb0dff16e13b4ca56fedaf97,5acaad0ccc1e904e2eebb45022fdd47af7f892f5
7923d4d1acc3ae9296410bf9e55fe96d665b57dd,b5010f129b53677c11a06426b446920e5bbb65ba
356ea13e288de3aa93a831bfee531c47a1d2fca8,324e1388e585901bb56cf2ca723ef9a8d55f1e5c
33c1161ff0d89703afa2751d5c82b2c762e80d09,855265ed0c1f812ffa2982c6aaf2e5eaf3867f96
c362fe41b8db43ba51bb182d4e870acbc728ef70,4e323f7b455de31ae3da0cba30a7452c148bdaf5
7eade29ac4f14648d220f4aeed976012762665d5,c43846cc82435feb7c14d81f3bb0b2e2e7d2141a
e609cabf90c787dae32cf673fe10d5ad758f3aaf,97c94d15350e523a68ed533499dc825f14b95484
7c2ac345a0716bfcee6524170bbec16fde59abea,19ce58fca71b2ecf8a4af72c1cb83747e0f4b981
53f56f1c26d002d993c60a6d8afa71da08059099,345aea1b0d2bddd93938e186ce7db200bc3bb877
8f82519ce3377f8d8304edd8b4ca3f1071cfab34,a2d84c494afa5322c1e91605909e064496bf9132
e646088a1107bf82d3ea5ffcdac90cacdab0f8b2,266d5b6288fc1f66539606fa509fb7b57fc81c72
66ce65d77ef8c58984fd26a9a427bc44c70c502b,245615c8b9bd8dc26e0f1e494b20ab61608582dd
991e1242b5252d6fd6e188873d651fc2af2b4741,3298360ba21283b142a39cdc4f179bbd2ef1b48c
239264883774d464325f81d502f1d34d114f505a,590ede4024e70a5dc108f00f856b2862b1bfae88
01f466b7738be0f0e1aeabdfbbbbe742f5cec38e,d35c04acc6016d5cbb62932198cde22f3ed60626
5d15a1973ae7192242877e2297db745ed628eab9,4477f4dc2aa34e96b177083cb91734cd9d5022af
d0db60e9668cf3e85104fd20e60e028784ddb9c9,2c9e4a9b116100f97f09040527ebce6da40eb6e7
7eb55918ada710b84a235bb4aa5c4e38c641ba77,13320f7b8aa178ad3d578014cd06dd98272434dd
6555e41a518095614c57250a1f47f52c75f4f0c7,03a3ada21446bc3461ac8e98b3baedfc839f9c73
9590fe17e57cd3cecb670b653184d7241361ca98,08ba109198cdeebeb40c6d834f12123662b3bd03
a8aaf90ab08e5189bb86e754a48a3a870ca52db9,a6bff1087ac8aa36c66f0de104c98e70cd24f9f2
fbf46cd5b8c39f60b555dfb95428e4181763638d,b965832d917d5c449f0e18b72d7d349d932a62bf
81abec13171e3639cf1fc08328421796b29cee07,97079c273145d59a6d9fabd0b69d33d92d61fab7
76834c0825c2107f148bff4e16bb2361dc40615d,61fe596af1a107fc138176f67ccb3be0b5faca18
b11ecd7ad2326ff01733621b80d865f92531460e,aecbb18fdbbb3db3d96bd330771bf0b86003ec42
8dd54eb1c0f9c12f7235719bce62387d54fc21f0,55759c87fdca4f1ba0c0297e06eaafe77901da88
f6674b9ab048be06091e37c281ae8856ea007d04,7cc136a1eb5e7050f258fec683362e43de33fa78
b829ec3ca8fd34041a04418f2662c698a6b1cad4,3f84d8596094fe2cd07dd7714afba0ebd4720765
b7a1f8927f3ea96ca607dfe682801df6addf111a,fe5017a941f0f6ea92b766f71f55ddb003e5f70b
93ea4cf5d54978e0c1e4beb4e104655e6552a243,38b7777a883f0aa3efe400bf4df08c8d1d157844
834dde2dfa4e04919ba02ae3509f9b5e64271ad7,be39b8c3e0dc911931597a74dd9dd5fc2286490a
f78160889cde296d9b90505166e9f53bba6732d2,2a7ef701f90a44771d51182174ebfb63257e5121
b99e5f61f24f6318bb78e50fb9c07db897a3316a,c93e64ee897545cb1af4d2f7fb5c0ab6c105c343
59fd71a8584dcab58ea42a8afd2d83f1e94cca8a,d684a37aec96cb5d2e8815bffbc0c1cf5c72b5ef
e5630aa17f4f52d35c6b611eb652fad47450076e,8735f72dc87c21c594af38e246e1838e63596aa2
e9532559e925024052397581f3a0eea57c091581,ba0585f665948903416d4f2897d41bcacb01e663
03d307a35588976ea2b5fb53db676a93784a2c14,1f0fb045dce151f45e37567815d1de61515e04d8
f9b5774c98b90bf2068f40589bbc823889bc1bae,9e90674461d4032e8a556fbb172bfc97b3a52d41
e6809f2155049e604e7ac05ef5fc63d22460b756,4b8fdf2e9c43f500c213a51cd45207c95575afa6
3c08d589749b52eec41f77c02dd9bdae73e8097e,eed4869e6950b3cb5de7f9ba9ae991e03c2c0e12
8545ab0ec670ce40a63a45b698385409a8fbab41,62976637c0b76c99ac241488d577386aabc576fe
e04b67ee2b04ed96c6473d91f18749a3d374973a,6f49c7aac1db25a9f584448fff2b668abf9941ad
fce5ad673e2c1281a4a711c9f8a1e753e5219129,3c865aaa232f4c905fcc4d7cd670b4a7cd3c8aa4
